Date,Name,Year,Letterboxd URI,Rating
2025-02-02,Airplane!,1980,https://boxd.it/29yu,4.5
2025-02-03,Starship Troopers,1997,https://boxd.it/2a7k,2
2025-02-03,Rubber,2010,https://boxd.it/P2m,4
2025-02-03,The House,2022,https://boxd.it/yVza,1
2025-02-03,Ghost Rider,2007,https://boxd.it/290M,3
2025-02-03,Ghost Rider: Spirit of Vengeance,2011,https://boxd.it/2qne,0.5
2025-02-03,Downfall,2004,https://boxd.it/2a04,2.5
2025-02-03,Lucy,2014,https://boxd.it/75hu,2.5
2025-02-03,Who Killed Captain Alex?,2010,https://boxd.it/adJ8,2
2025-02-03,The Shining,1980,https://boxd.it/29Nu,4
2025-02-03,Geostorm,2017,https://boxd.it/8lC6,1.5
2025-02-03,Birdemic 2: The Resurrection,2013,https://boxd.it/5HK6,0.5
2025-02-03,National Treasure,2004,https://boxd.it/27x0,2.5
2025-02-03,Saving Private Ryan,1998,https://boxd.it/29ro,4
2025-02-03,The Godfather,1972,https://boxd.it/2aNK,2
2025-02-03,Ford v Ferrari,2019,https://boxd.it/ce74,3.5
2025-02-03,Ace Ventura: Pet Detective,1994,https://boxd.it/25RW,0.5
2025-02-03,The Equalizer,2014,https://boxd.it/4TUK,3
2025-02-03,Whiplash,2014,https://boxd.it/7bQA,4.5
2025-02-03,The Platform,2019,https://boxd.it/mUm6,2.5
2025-02-03,Asterix & Obelix: The Middle Kingdom,2023,https://boxd.it/nSVq,0.5
2025-02-04,The Fall Guy,2024,https://boxd.it/s0Bm,2
2025-02-05,Moana 2,2024,https://boxd.it/LcjW,2.5
2025-02-05,Five Nights at Freddy's,2023,https://boxd.it/ikHu,2
2025-02-05,Yannick,2023,https://boxd.it/G2es,4.5
2025-02-05,Barbie,2023,https://boxd.it/bCLK,3
2025-02-05,"Ruby Gillman, Teenage Kraken",2023,https://boxd.it/Dmne,2
2025-02-05,Elemental,2023,https://boxd.it/ASiE,2
2025-02-05,Dungeons & Dragons: Honor Among Thieves,2023,https://boxd.it/hN1A,3
2025-02-05,John Wick: Chapter 4,2023,https://boxd.it/mh48,4
2025-02-05,Avatar: The Way of Water,2022,https://boxd.it/2E2E,3.5
2025-02-05,Puss in Boots: The Last Wish,2022,https://boxd.it/aaie,4
2025-02-05,Strange World,2022,https://boxd.it/x6Li,1.5
2025-02-05,Black Panther: Wakanda Forever,2022,https://boxd.it/igPu,2.5
2025-02-05,Top Gun: Maverick,2022,https://boxd.it/cjr4,2.5
2025-02-05,Turning Red,2022,https://boxd.it/ipkq,1
2025-02-05,Dune,2021,https://boxd.it/fA7G,4
2025-02-05,Kaamelott: The First Chapter,2021,https://boxd.it/lduY,3.5
2025-02-05,Juste la fin du monde,2020,https://boxd.it/KCza,3
2025-02-05,Soul,2020,https://boxd.it/ioLA,4
2025-02-05,Joker,2019,https://boxd.it/h4cS,4
2025-02-05,John Wick: Chapter 3 â€“ Parabellum,2019,https://boxd.it/gmFw,4
2025-02-05,How to Train Your Dragon: The Hidden World,2019,https://boxd.it/5a9w,4.5
2025-02-05,Hotel Transylvania 3: Summer Vacation,2018,https://boxd.it/e1zI,3.5
2025-02-05,Paddington 2,2017,https://boxd.it/bCF8,3
2025-02-05,Coco,2017,https://boxd.it/bYJQ,3.5
2025-02-05,John Wick: Chapter 2,2017,https://boxd.it/ayGu,4
2025-02-05,Rogue One: A Star Wars Story,2016,https://boxd.it/aPvy,3.5
2025-02-05,The Boss Baby,2017,https://boxd.it/9mfO,2
2025-02-05,Security,2017,https://boxd.it/gtpK,1.5
2025-02-05,Your Name.,2016,https://boxd.it/cUqs,4.5
2025-02-05,Sausage Party,2016,https://boxd.it/6CCe,2.5
2025-02-05,Hotel Transylvania 2,2015,https://boxd.it/4ZLk,3.5
2025-02-05,Minions,2015,https://boxd.it/6jCO,3.5
2025-02-05,Inside Out,2015,https://boxd.it/4KHC,4
2025-02-05,Paddington,2014,https://boxd.it/3RKw,4
2025-02-05,Penguins of Madagascar,2014,https://boxd.it/89tc,4
2025-02-05,John Wick,2014,https://boxd.it/7dEc,4
2025-02-05,The Imitation Game,2014,https://boxd.it/6aig,3.5
2025-02-05,The Lego Movie,2014,https://boxd.it/4pDO,4
2025-02-05,Despicable Me 2,2013,https://boxd.it/3gg0,3.5
2025-02-05,Hotel Transylvania,2012,https://boxd.it/2DF6,3.5
2025-02-05,Madagascar 3: Europe's Most Wanted,2012,https://boxd.it/2NF6,3.5
2025-02-05,Puss in Boots,2011,https://boxd.it/eL34,3
2025-02-05,Cars 2,2011,https://boxd.it/H4Y,3.5
2025-02-05,Rio,2011,https://boxd.it/NKc,3.5
2025-02-05,Despicable Me,2010,https://boxd.it/1DD8,3.5
2025-02-05,Birdemic: Shock and Terror,2010,https://boxd.it/12Gk,0.5
2025-02-05,Avatar,2009,https://boxd.it/1Efm,3.5
2025-02-05,Up,2009,https://boxd.it/1OEc,4
2025-02-05,Madagascar: Escape 2 Africa,2008,https://boxd.it/1W2K,4
2025-02-05,Cars,2006,https://boxd.it/29ho,4.5
2025-02-05,Lord of War,2005,https://boxd.it/284y,4
2025-02-05,Madagascar,2005,https://boxd.it/29dc,4
2025-02-05,RRRrrrr!!!,2004,https://boxd.it/1BnM,3.5
2025-02-05,The Lord of the Rings: The Return of the King,2003,https://boxd.it/2b5u,4.5
2025-02-05,The Lord of the Rings: The Two Towers,2002,https://boxd.it/2b5E,4.5
2025-02-05,Lilo & Stitch,2002,https://boxd.it/1TAY,4
2025-02-05,The Lord of the Rings: The Fellowship of the Ring,2001,https://boxd.it/2b5O,4.5
2025-02-05,American Psycho,2000,https://boxd.it/28Vs,3.5
2025-02-05,Fight Club,1999,https://boxd.it/2a9q,5
2025-02-05,The Lion King II: Simba's Pride,1998,https://boxd.it/1XWu,4
2025-02-05,The Truman Show,1998,https://boxd.it/18U8,4.5
2025-02-05,Titanic,1997,https://boxd.it/2a2k,4
2025-02-05,Cube,1997,https://boxd.it/2aoU,3
2025-02-05,Forrest Gump,1994,https://boxd.it/728,4.5
2025-02-05,The Lion King,1994,https://boxd.it/201Q,4
2025-02-05,Fear City: A Family-Style Comedy,1994,https://boxd.it/1MOO,4
2025-02-05,The Cabbage Soup,1981,https://boxd.it/1YZa,3.5
2025-02-05,The Seventh Company Outdoors,1977,https://boxd.it/oJy,3.5
2025-02-05,The Seventh Company Has Been Found,1975,https://boxd.it/e65S,3.5
2025-02-05,Now Where Did the Seventh Company Get to?,1973,https://boxd.it/3fYg,3.5
2025-02-05,Crooks in Clover,1963,https://boxd.it/1w7E,4
2025-02-05,Louis & Luca: The Big Cheese Race,2015,https://boxd.it/d03k,4
2025-02-05,April and the Extraordinary World,2015,https://boxd.it/bjXi,4
2025-02-05,A Letter to Momo,2011,https://boxd.it/3r0M,4
2025-02-05,How to Train Your Dragon,2010,https://boxd.it/1WRy,4.5
2025-02-05,How to Train Your Dragon 2,2014,https://boxd.it/2TRW,4.5
2025-02-05,How to Train Your Dragon: Homecoming,2019,https://boxd.it/nGvK,4.5
2025-02-05,Pom Poko,1994,https://boxd.it/1Mvi,3.5
2025-02-05,The Super Mario Bros. Movie,2023,https://boxd.it/i8C8,3
2025-02-05,The Green Mile,1999,https://boxd.it/2agG,4.5
2025-02-05,Dune: Part Two,2024,https://boxd.it/pUfA,4
2025-02-06,The Wolf of Wall Street,2013,https://boxd.it/3C1m,5
